,label,predict,confidence
0,0,-1,0.0
1,0,-1,0.0
2,0,-1,0.0
3,0,4,0.38162410259246826
4,0,-1,0.0
5,0,2,0.47525107860565186
6,0,-1,0.0
7,0,4,0.30909445881843567
8,0,4,0.48333579301834106
9,0,-1,0.0
10,0,-1,0.0
11,0,4,0.49894246459007263
12,0,3,0.49424904584884644
13,0,0,0.3331241011619568
14,0,-1,0.0
15,0,-1,0.0
16,0,-1,0.0
17,0,-1,0.0
18,0,5,0.4486736059188843
19,0,-1,0.0
20,0,-1,0.0
